time,msg_time_mean_avg
15:56:00.758447,0.9851394360499834
15:57:39.219693,0.9816757392900038
15:59:21.036524,1.0147357883399981
