time,msg_time_mean_avg
15:38:00.671130,0.05742788966999999
