time,cpu_usage_percent,cpu_freq_current,memory_total,memory_available,memory_percent,memory_used,memory_free,swap_used,swap_percent,packets_received,cpu_temperature
13:38:02.803293,0.0,600.0,891674624,702717952,21.2,164114432,423501824,0,0.0,2789,49.388
13:38:03.819890,0.0,600.0,891674624,702590976,21.2,164241408,423374848,0,0.0,2789,48.85
13:38:04.831000,22.9,1200.0,891674624,701362176,21.3,165470208,422146048,0,0.0,10337,50.464
13:38:05.842405,29.4,1200.0,891674624,701353984,21.3,165478400,422137856,0,0.0,25441,51.54
13:38:06.858439,24.4,600.0,891674624,702107648,21.3,164724736,422891520,0,0.0,33140,51.54
13:38:07.874196,0.0,600.0,891674624,702107648,21.3,164716544,422891520,0,0.0,33140,51.002
13:38:08.891011,0.0,600.0,891674624,702107648,21.3,164716544,422891520,0,0.0,33140,50.464
