time,cpu_usage_percent,cpu_freq_current,memory_total,memory_available,memory_percent,memory_used,memory_free,swap_used,swap_percent,packets_received,cpu_temperature
13:50:32.025959,0.0,600.0,891674624,702287872,21.2,164548608,419487744,0,0.0,314145,49.926
13:50:33.043034,0.0,600.0,891674624,702287872,21.2,164548608,419487744,0,0.0,314145,49.388
13:50:34.055841,2.0,1000.0,891674624,702029824,21.3,164806656,419229696,0,0.0,314895,49.926
13:50:35.072122,0.3,600.0,891674624,702160896,21.3,164671488,419360768,0,0.0,314895,50.464
