time,cpu_usage_percent,cpu_freq_current,memory_total,memory_available,memory_percent,memory_used,memory_free,swap_used,swap_percent,packets_received,cpu_temperature
15:32:33.066255,0.0,600.0,891674624,697708544,21.8,169066496,355180544,0,0.0,310029,48.312
15:32:34.077944,26.7,1100.0,891674624,697114624,21.8,169766912,354156544,0,0.0,318852,49.388
15:32:35.095035,12.3,600.0,891674624,697176064,21.8,169541632,354279424,0,0.0,323226,49.388
15:32:36.111305,0.0,600.0,891674624,697176064,21.8,169541632,354279424,0,0.0,323227,48.85
