time,cpu_usage_percent,cpu_freq_current,memory_total,memory_available,memory_percent,memory_used,memory_free,swap_used,swap_percent,packets_received,cpu_temperature
15:42:12.662132,0.2,600.0,891674624,698855424,21.6,167981056,347492352,0,0.0,445528,49.388
15:42:13.678865,0.0,600.0,891674624,698855424,21.6,167981056,347492352,0,0.0,445529,49.926
15:42:14.695744,13.2,600.0,891674624,698626048,21.7,168210432,347262976,0,0.0,450486,49.926
15:42:15.767254,18.8,1200.0,891674624,698626048,21.6,168128512,347234304,0,0.0,458034,51.002
15:42:16.781444,36.4,1000.0,891674624,698384384,21.7,168423424,346824704,0,0.0,471626,52.616
15:42:17.798515,0.0,600.0,891674624,698449920,21.7,168353792,346890240,0,0.0,471627,51.002
