time,cpu_usage_percent,cpu_freq_current,memory_total,memory_available,memory_percent,memory_used,memory_free,swap_used,swap_percent,packets_received,cpu_temperature
13:47:45.830897,0.0,600.0,891674624,702046208,21.3,164790272,419504128,0,0.0,313128,49.388
13:47:46.847719,2.3,600.0,891674624,701915136,21.3,164921344,419373056,0,0.0,313878,50.464
13:47:47.864069,0.0,600.0,891674624,702046208,21.3,164790272,419504128,0,0.0,313878,49.388
