time,cpu_usage_percent,cpu_freq_current,memory_total,memory_available,memory_percent,memory_used,memory_free,swap_used,swap_percent,packets_received,cpu_temperature
13:32:01.476556,0.3,600.0,891674624,702603264,21.2,164196352,423890944,0,0.0,954,48.312
13:32:02.492277,0.0,600.0,891674624,702603264,21.2,164196352,423890944,0,0.0,954,48.312
13:32:03.508544,0.0,600.0,891674624,702603264,21.2,164196352,423890944,0,0.0,954,48.85
13:32:04.526212,0.0,600.0,891674624,702603264,21.2,164196352,423890944,0,0.0,954,48.312
13:32:05.543118,0.0,600.0,891674624,702603264,21.2,164196352,423890944,0,0.0,955,48.312
13:32:06.559757,0.2,600.0,891674624,702603264,21.2,164188160,423890944,0,0.0,955,48.312
13:32:07.576003,0.5,600.0,891674624,702603264,21.2,164184064,423890944,0,0.0,1025,48.312
13:32:08.592033,0.0,600.0,891674624,702603264,21.2,164184064,423890944,0,0.0,1025,48.312
