time,cpu_usage_percent,cpu_freq_current,memory_total,memory_available,memory_percent,memory_used,memory_free,swap_used,swap_percent,packets_received,cpu_temperature
13:50:13.390366,0.5,600.0,891674624,701992960,21.3,164839424,419250176,0,0.0,314128,49.388
13:50:14.407181,0.0,600.0,891674624,701882368,21.3,164950016,419123200,0,0.0,314128,49.388
