time,cpu_usage_percent,cpu_freq_current,memory_total,memory_available,memory_percent,memory_used,memory_free,swap_used,swap_percent,packets_received,cpu_temperature
13:54:26.329127,0.3,600.0,891674624,702005248,21.3,164831232,418811904,0,0.0,322693,50.464
13:54:27.368372,14.6,1025.0,891674624,701341696,21.4,165625856,418148352,0,0.0,329452,51.54
13:54:28.386673,0.5,600.0,891674624,701116416,21.4,165711872,417923072,0,0.0,329669,51.002
