time,cpu_usage_percent,cpu_freq_current,memory_total,memory_available,memory_percent,memory_used,memory_free,swap_used,swap_percent,packets_received,cpu_temperature
13:40:54.889765,0.0,600.0,891674624,702615552,21.2,164216832,420564992,0,0.0,312685,50.464
13:40:55.906980,1.0,600.0,891674624,702615552,21.2,164216832,420564992,0,0.0,312755,49.926
