time,cpu_usage_percent,cpu_freq_current,memory_total,memory_available,memory_percent,memory_used,memory_free,swap_used,swap_percent,packets_received,cpu_temperature
13:57:07.698800,0.3,600.0,891674624,701808640,21.3,165019648,418422784,0,0.0,398844,49.926
13:57:08.710307,16.8,1200.0,891674624,701485056,21.3,165343232,418099200,0,0.0,403800,51.002
13:57:09.726372,7.0,600.0,891674624,701714432,21.3,165113856,418328576,0,0.0,405941,51.002
