time,cpu_usage_percent,cpu_freq_current,memory_total,memory_available,memory_percent,memory_used,memory_free,swap_used,swap_percent,packets_received,cpu_temperature
13:46:30.642936,0.0,600.0,891674624,702029824,21.3,164802560,419590144,0,0.0,312889,49.388
13:46:31.659644,1.0,600.0,891674624,701775872,21.3,165056512,419336192,0,0.0,312889,49.388
13:46:32.675917,0.3,600.0,891674624,701689856,21.3,165138432,419241984,0,0.0,313019,49.388
13:46:33.691672,0.2,600.0,891674624,701689856,21.3,165138432,419241984,0,0.0,313019,49.388
13:46:34.707968,0.0,600.0,891674624,701689856,21.3,165138432,419241984,0,0.0,313019,49.388
