time,cpu_usage_percent,cpu_freq_current,memory_total,memory_available,memory_percent,memory_used,memory_free,swap_used,swap_percent,packets_received,cpu_temperature
13:54:02.102830,0.2,600.0,891674624,702050304,21.3,164745216,418938880,0,0.0,321894,50.464
13:54:03.119592,2.5,600.0,891674624,702050304,21.3,164745216,418938880,0,0.0,322676,49.926
