time,cpu_usage_percent,cpu_freq_current,memory_total,memory_available,memory_percent,memory_used,memory_free,swap_used,swap_percent,packets_received,cpu_temperature
13:50:53.607624,6.6,1000.0,891674624,702009344,21.3,164888576,419147776,0,0.0,318342,50.464
13:50:54.623964,6.4,600.0,891674624,701943808,21.3,164888576,419115008,0,0.0,321875,50.464
13:50:55.640286,0.2,600.0,891674624,701952000,21.3,164880384,419123200,0,0.0,321875,50.464
